ID;Title;WebsiteURL;Comments;BookingURL;ContactEmail;FaultReportEmail
45;(Business Owner at Location);None;For use when the operator of the equipment is a single business owner connected to the location and equipment is not part of a larger network;None;None;None
44;(Private Residence/Individual);None;For use when the operator is a home owner or private individual making their own facilities available to the public;None;None;None
1;(Unknown Operator);None;None;None;None;None
3333;AAE;https://www.aae.at/;None;None;None;None
26;AeroVironment;http://www.avinc.com/;None;None;None;None
118;AGSM Electrify Verona;https://www.agsm.it/I-servizi/Electrify-Verona;None;None;None;None
3326;Alfapower (UK);http://www.alfapower.co.uk/;None;None;None;None
180;Alfen;http://www.alfen.com/;None;None;None;None
3336;Alizé;https://alizecharge.com/en/;None;None;None;None
3410;Alizé Liberté;https://alizecharge.com/;None;None;None;None
103;Allego BV;http://www.allego.eu/;None;None;info@allego.eu;None
3383;AlterBase - Sorégies (FR);http://www.alterbase86.soregies.fr/portal/#/;None;None;service-recharge@soregies.fr;None
3305;AMB (Àrea metropolitana de Barcelona);http://www.amb.cat/en/web/mobilitat/mobilitat-sostenible/electrolineres;None;None;None;None
212;Amersam;http://nou.amersam.cat/;None;None;amersam@amersam.com;None
56;Auto Bleue;http://www.auto-bleue.org/;None;None;None;None
3362;Autoenterprise / АвтоЭнтерпрайз;https://www.autoenterprise.com.ua/;None;None;None;None
53;Autolib (Paris);https://www.autolib.eu/;None;None;None;None
3284;autoPilDYK;http://autopildyk.lt/;None;None;pagalba@autopildyk.lt;None
3303;Avacon;https://www.avacon.de/;None;None;info@avacon.de;None
43;AVCON;None;Obsolete inductive paddle charging;None;None;None
3352;Axpo Energy Solutions Italia;https://www.axpo.com/axpo/it/it/chi-siamo/localita-europa/sedi-italia.html;IT*AXP;None;None;None
186;Azra Network;http://azranetwork.co/azra/;None;None;info@azranetwork.co;None
3292;Badenova (DE);https://www.badenova.de/web/Privatkunden/E-Mobilit%C3%A4t/%C3%96ffentliches-Laden/index-2.jsp;None;None;e-mobility@badenova.de;None
3385;BC Hydro;https://ev.bchydro.com;None;None;None;None
3327;Be Charge (Italy);https://www.bec.energy/;None;None;None;None
214;be emobil;http://www.be-emobil.de/;None;None;dialog@be-emobil.de;None
3261;Be Energised;https://beenergised.com/;also known as has.to.be;None;None;None
94;BeCharged;http://www.becharged.eu/;None;None;info@becharged.eu;None
1235;Belib’;http://belib.paris/;None;None;contact@sodetrel.fr;sav@sodetrel.fr
3268;Belorusneft;http://www.belorusneft.by/beloil-map/?lang=en;None;None;None;None
9;Blink Network/ECOtality;http://www.blinknetwork.com/;Membership based charging network, part of Car Charging Group, inc.;https://prod.blinknetwork.com/membership.html;support@blinknetwork.com;support@blinknetwork.com
36;Blue Corner (Belgium);http://www.bluecorner.be/;None;None;None;None
3331;BLUETORINO;https://www.bluetorino.eu/ricarica;None;None;None;None
129;BS Energie;http://www.bs-energy.de/engagement/umwelt/elektromobilitaet/elektrotankstellen/;None;None;energieberatung@bs-energy.de;None
3304;Celsia;https://www.celsia.com/;None;None;None;None
115;ČEZ;http://www.elektromobilita.cz/;None;None;None;None
3345;Char.gy;https://char.gy;different organisation to similarly named organisation in Luxembourg;None;None;None
202;Charge & Drive (Fortum - NO);http://www.fortum.no/hurtigladere;None;None;chargedrive.no@fortum.com;None
215;Charge & Fuel;https://www.volkswagenleasing.de/de/home/mobilitaetsdienstleistungen/europa_tank_servicekarten/charge-fuel-card.html;None;None;tankkarten@vwfs.com;None
20;Charge Your Car;http://www.chargeyourcar.org.uk/;None;None;admin@chargeyourcar.org.uk;admin@chargeyourcar.org.uk
229;charge.net.nz;https://charge.net.nz/;None;None;None;None
3339;Chargefox;https://chargefox.com;None;None;None;None
3374;ChargeGrid;https://chargegrid.in/;None;None;tech.support@magentapower.in;tech.support@magentapower.in
101;ChargeIT mobility;http://www.chargeit-mobility.com/;None;None;info@chargeit-mobility.com;None
96;ChargeLounge;http://www.chargelounge.de/;None;None;info@chargelounge.de;None
8;Chargemaster;http://chargemasterplc.com/;Operate networks in both UK and France;None;polarenquiries@chargemasterplc.com;polarenquiries@chargemasterplc.com
227;chargeNET (lk);http://chargenet.lk/;None;None;info@vega.lk;None
173;ChargeNow;https://www.chargenow.com/;None;None;None;None
3315;Chargeplace Scotland;http://chargeplacescotland.org/;Operated by ChargeYourCar on behalf of Transport Scotland. CYC cards/app accepted;None;None;None
5;ChargePoint (Coulomb Technologies);http://www.chargepoint.net/;None;None;support@coulombtech.com;support@coulombtech.com
3310;Chargestar (AU);http://chargestar.com.au/;None;None;None;None
3338;chargEV;https://chargev.my/;None;None;chargev@greentechmalaysia.my;chargev@greentechmalaysia.my
3321;Chargy (LU);https://chargy.lu/;None;None;None;None
90;Circuit Electrique;http://www.lecircuitelectrique.com;None;None;infocircuitelectrique@caaquebec.com;None
3349;City EV;https://cityev.net/user-instructions/;Lamp post mounted chargers, plugsurfing RFID or app;None;None;None
185;CLEVER;https://www.clever.dk/;None;None;kundeservice@clever.dk;None
31;Clipper Creek;None;None;None;None;None
3360;CNR (Compagnie Nationale du Rhône);https://www.cnr.tm.fr;None;None;None;None
3369;Comfortcharge;https://www.comfortcharge.de/;Deutsche Telekom Comfortcharge;None;None;None
3364;Copec Voltex;https://ww2.copec.cl/voltex;None;None;None;None
3320;da emobil;http://www.da-emobil.com/ladenetz;None;None;None;None
3263;DEWA;https://www.dewa.gov.ae/;Dubai Electricity and Water Authority (DEWA);None;None;None
66;Drehstromnetz;http://www.drehstromnetz.de;None;None;None;None
3316;Drive Eco;http://driv-eco.com/index.php/en/home-eng/;None;None;None;None
3332;Driwe;https://www.driwe.eu/;None;None;None;None
3267;Duferco Energie;https://mobility.dufercoenergia.com/;None;None;mobility@dueenergie.com;None
192;E.ON (CZ);http://www.ekobonus.cz/ekologicka-doprava/elektromobilita;None;None;None;None
46;E.ON (DE);https://www.eon.de/de/eonde/pk/produkteUndPreise/E.ON_eMobil/index.htm;None;None;None;None
3251;E.ON (DK);https://www.eon.dk/privat/strom-til-din-elbil.html;None;None;None;None
3359;E.ON (HU);https://www.eon.hu/;None;None;None;None
3403;E.ON Drive (UK);https://www.eonenergy.com/eon-drive-ev-charging.html;None;None;None;None
3294;EAC e-charge;https://www.eac.com.cy/En/CustomerService/eCharge/Pages/default.aspx;Electricity Authority of Cyprus;None;None;None
140;EAM;http://www.eam.de/ueber-uns/unternehmensprofil/standorte/;None;None;None;None
3314;Easy4You;http://www.easy-4-you.ch;None;None;None;None
3324;EasyCharger;https://easycharger.es/;None;None;None;None
1241;EasyGO (aka Carcharger.ie);https://easygo.ie/;None;None;None;None
3302;Easypark;https://easypark.fi/;Parking operator, EV chargers activated by mobile phone app;None;None;None
42;EATON;http://www.eaton.com;None;None;None;None
3408;eborn;https://www.eborn.fr/;None;None;None;None
93;E-Car;http://www.ecarni.com/;None;None;ecar@drdni.gov.uk;None
3271;e-Charge (Romania);http://e-charge.ro/;Renovatio E-Charge;None;office@e-charge.ro;None
3309;echargenet - State Grid Corportation of China;http://www.echargenet.com;None;None;None;None
3413;EcoCharge77;https://ecocharge77.fr;None;None;None;None
77;Ecoplug;http://www.ecoplug.be/index.html;None;None;info@ecoplug.be;None
83;Ecospazio (Italy);http://www.ecospazio.it/;None;None;info@ecospazio.it;None
179;Ecotap;http://www.ecotap.nl/;None;None;None;None
24;Ecotricity;http://www.ecotricity.co.uk/for-the-road/;Pay-as-you-go, app-based charging, mostly at Motorway Services in the UK;None;fortheroad@ecotricity.co.uk;fortheroad@ecotricity.co.uk
3312;EDF;None;None;None;None;None
3276;EDP;http://www.edp.pt/;None;None;None;None
199;EDP MOP;http://www.edp.pt/;None;None;None;None
208;eDrop;http://www.edrop.ch/;None;None;info@edrop.ch;None
3264;EE-Mobil;http://www.ee-mobil.de/;None;None;info@ee-mobil.de;None
171;EEW Duderstadt;http://www.ewb-duderstadt.de/de/Strom/Ausgezeichnet.html;None;None;info@eew-duderstadt.de;None
3281;Effia;https://www.resaplace.com/;Resaplace Parking;None;None;None
2243;eins;http://www.eins.de/privatkunden/strom/elektromobilitaet/;None;None;Robby.Hartl@eins.de;None
3415;ejoin;https://www.ejoin.eu/;None;None;None;None
3342;Ekomobil;https://www.ekomobil.it;None;None;None;None
29;e-Laad;http://www.e-laad.nl;None;None;None;None
3391;Electric Blue UK;https://www.electricblueuk.com/;None;None;None;None
3406;Electric Highway Tasmania;None;None;None;None;None
232;electric-driving.colruytgroup.com;http://electric-driving.colruytgroup.com;None;None;electric-driving@colruytgroup.com;None
3318;Electrify America;https://www.electrifyamerica.com/;None;None;None;None
3400;Electrify Canada;https://www.electrify-canada.ca/;None;None;None;None
67;ElectroDrive;http://www.electrodrive-europe.com/;None;None;None;None
141;ElectroDrive Salzburg;http://www.electrodrive-salzburg.at;None;None;office@electrodrive-salzburg.at;None
184;ElectroDrive/Mark-E (DE);http://www.mark-e.de/;None;None;electrodrive@mark-e.de;None
3401;Electromaps;https://www.electromaps.com/;None;None;None;None
3390;Electroukraine;https://electroukraine.com.ua/;None;None;None;None
3258;Elektro Ljublana;http://www.elektro-ljubljana.si/1/Obnovljivi-viri-energije/Polnilna-mesta-za-elektricna-vozila.aspx;None;None;info@elektro-ljubljana.si;None
2;Elektrobay (UK);http://www.elektromotive.com;None;None;info@elektromotive.com;info@elektromotive.com
16;Elektromotive (UK);http://www.elektromotive.com;None;http://www.elektromotive.com/html/application_forms.php;info@elektromotive.com;info@elektromotive.com
3311;Elen;http://elen.hep.hr/ELEN-charging-stations.aspx;None;None;None;None
3414;Elinta Charge;https://www.elintacharge.com/en/;None;None;None;None
3287;Ella;http://ella.at/;uses the Be Energised backend;None;None;None
76;ELMO;http://www.elmo.ee/;When calling 651 1911 the price of the call depends on the selected service package. When calling 1911, the price of the call is 0.23 euros (including VAT). The price of content service of calls to call service numbers does not depend on the service package of a customer; it is the same for all callers.;None;elmo@kredex.ee;tugi@elmo.ee
187;ELMŰ;http://www.e-autozas.hu/;None;None;None;None
3368;Elocity;https://elo.city;None;None;None;None
1238;emma;http://www.friedrichshafen.de/wirtschaft-verkehr/emma;None;None;info@fn-dienste.de;None
3319;E-Mobi;https://e-mobi.hu/;None;None;None;None
3282;Emobitaly (Italy);http://www.emobitaly.it/come-ricaricare/;None;None;None;None
82;E-moving (Italy);http://www.e-moving.it/;None;None;e-moving@a2a.eu;None
68;Empora;http://www.empora.eu;None;None;None;None
86;EnBW (D);https://www.enbw.com/privatkunden/tarife-und-produkte/e-mobilitaet/;None;None;None;None
207;Endesa;http://www.endesa.es/;None;None;None;None
3394;Eneco;https://www.eneco-emobility.com/;None;None;None;None
80;Enel (Italy);https://eneldrive.enelx.com/;None;None;None;None
3405;Enercharge; https://enercharge.at/;None;None;None;None
121;EnerCity;https://www.enercity.de/privatkunden/mobilitaet/e-mobilitaet/formular-reg-e-tanken/index.jsx;None;None;None;None
3260;Energie der Eifel;https://www.ene-eifel.de/privatkunden-strom/e-mobilität;None;None;service@ene-eifel.de;None
224;EnergieDienst;http://energiedienst.de;None;None;kundenservice@energiedienst.de;None
219;Energieversorgung Buching-Trauchgau;http://ebt-halblech.de/;None;None;kontakt@ebt-halblech.de;None
3370;Enerhub;http://www.enerhub.it/ricarica/;None;None;None;None
172;ENEWA;http://www.enewa.de/;None;None;info@enewa.de;None
181;eNovates;http://www.enovates.com/;None;None;None;None
52;Enovos;http://www.enovos.lu/particuliers/ecomobilite;None;None;None;None
216;Enspirion;http://www.enspirion.pl/?page_id=728;None;None;biuro@enspirion.pl;None
3297;Entega;https://www.entega.de/;None;None;None;None
3298;EO Charging;https://www.eocharging.com/;None;None;None;None
70;Eşarj (TR);http://esarj.com/uyelik;None;None;None;None
22;ESB Ecars;http://www.esb.ie/electric-cars/index.jsp;None;None;ecars@esb.ie;ecars@esb.ie
3357;ESB EV-Solutions (UK);https://www.esb-evsolutions.co.uk/;Distinct network from the one they operate on the island of Ireland;None;None;None
78;Essent (NL);http://www.essent.nl/content/particulier/producten/elektrisch_rijden/index.html;None;None;elektrischrijden@essent.nl;None
209;Estabanell Energia;http://www.e-mobilitat.cat/;None;None;None;None
205;Estonteca;http://www.estonteco.eu/live/;None;None;None;None
3377;Etecnic;http://www.etecnic.es;None;None;etecnic@etecnic.es;etecnic@etecnic.es
3381;eTecnic;http://www.etecnic.es/;None;None;None;None
222;ETOP;http://etop.sk/;None;None;None;None
55;e-totem;http://www.e-totem.fr/;None;None;None;None
3372;EV Connect;https://www.evconnect.com/;None;None;info@evconnect.com;None
3399;EV Energy Group (FCN);https://evenergygroup.com/e;None;None;None;None
87;EVbility (Italy);http://www.evbility.eu/;None;None;info@evbility.com;None
73;EV-Box;http://www.ev-box.com;None;None;info@ev-box.com;info@ev-box.com
3295;evcharge.online;https://evcharge.online/;Rolec. Pre-payment, minimum topup £5.00;None;Contact@power-portal.co.uk;Contact@power-portal.co.uk
3254;Evd Dormagen;http://www.evd-dormagen.de/;None;None;None;None
3389;EVGateway;http://evgateway.com/;None;None;None;None
15;eVgo Network;https://www.evgo.com/;Imported by ADFC import;None;None;None
3398;Evie;http://goevie.com.au/;None;None;None;None
110;EVite (ch);http://www.swiss-emobility.ch/home/evite.html;None;None;info@swiss-emobility.ch;None
3351;EVL (de);https://www.evl.de/e-mobilitaet/e-tanken-in-limburg/;Uses NewMotion backend;None;None;None
221;Evmapa (CZ);http://www.evmapa.cz;None;None;None;None
178;EVnetNL;http://www.evnet.nl/;None;None;None;None
3272;EVPass (CH);https://www.evpass.ch/;Android & IOS Apps, Swisspass travel RFID can be registered;None;None;None
49;EV-Point;http://www.ev-point.be;None;None;None;None
137;EVS Energieversorgung Sylt;https://www.energieversorgung-sylt.de/mobilitaet/e-mobilitaet/;None;None;kundenservice@energieversorgung-sylt.de;None
11;EVSE LLC WebNet;;Imported by ADFC import;None;None;None
3291;Evway;https://evway.net;None;None;None;None
189;E-Wald;http://shop.e-wald.eu/produkt/e-wald-ladekarte-monatskarte/;None;None;info@e-wald.eu;None
2241;EWB;http://www.stadtwerke-bruchsal.de/;None;None;info@stadtwerke-bruchsal.de;None
127;EWE;http://www.ewe.de/privatkunden/ewe-stromtankstellen.php;None;None;stromtankkarte@ewe.de;None
145;EWI  Energiewerke Isernhagen;http://www.ewi-isernhagen.de/energieeffizienz/elektromobilitaet.aspx;None;None;kontakt@ewi-isernhagen.de;None
3325;EWP : Energie und Wasser Potsdam GmbH;https://www.swp-potsdam.de/de/energie/elektromobilit%C3%A4t/;None;None;None;None
109;EWR gmbh e-mobile;http://www.ewr-e-mobil.de/;None;None;info@ewr-e-mobil.de;None
74;FastNed;http://www.fastned.nl/;None;None;contact@fastned.nl;contact@fastned.nl
3279;Fenie Energía (Spain);http://recarga.fenieenergia.es/;None;None;None;None
89;flo;https://flo.ca/;RéseauVER / VERnetwork        http://www.reseauver.com/          (877) 505-2674          service@reseauver.com;None;info@flo.ca;None
197;FLOW Charging;http://www.flowcharging.com/;None;None;info@flow-nederland.nl;None
85;FORTISIS;http://www.fortisis.eu;Operator based on Greence and Cyprus;None;info@fortisis.eu;info@fortisis.eu
3379;Freshmile;https://www.freshmile.com/;None;None;None;None
116;G2mobility;http://www.g2mobility.com/;None;None;None;None
218;Galactico.pl;http://galactico.pl/;None;None;kontakt@galactico.pl;None
204;GardaUno;http://www.gardauno.it/la-mappa-dei-punti-di-ricarica/;None;None;None;None
1242;GE WattStation;https://www.gewattstation.com/connect/;None;None;None;None
163;GGEW;http://www.ggew.de/UN/Elektromobilitaet;None;None;info@ggew.de;None
210;GIC;http://www.recargagic.com/;None;None;info@recargagic.com;None
3334;Gnrgy;https://www.gnrgy.com;None;None;None;None
3402;GoCharge (IE);https://www.gocharge.ie/charge-with-us/;None;None;None;None
3313;GOFAST (Gotthard Fastcharge);http://gofastcharge.com/;Accepts Hubject roaming partners of Swisscharge;None;info@gofastcharge.com;None
226;Green Frontiers (lk);http://green-frontiers.net/;None;None;info@green-frontiers.net;None
84;Green Land Mobility (Italy);http://greenlandmobility.it/;None;None;redazione@greenlandmobility.it;None
63;Greenflux;http://www.greenflux.nl/;None;None;info@greenflux.nl;None
59;GreenLots;http://www.greenlots.com;Part of the Shell group.;None;None;None
88;Greenway;https://greenway.sk;None;None;info@greenway.sk;None
3386;GridCars;https://www.gridcars.net/;None;None;None;None
3247;Grønn Kontakt;http://gronnkontakt.no/;None;None;None;None
3404;Grupo ICE;https://www.grupoice.com/wps/portal/ICE/Electricidad/carga-elect;None;None;None;None
122;Harz Energie;http://www.harzenergie.de/index.cfm?fuseaction=portal.showcontent&viewmode=content&num_obj_id=30312&language=de&menu=30305&rootmenu=25325&page=30306&bp=30306;None;None;mobilitaet@harzenergie.de;None
95;Helsingin Energia;http://www.helen.fi/;None;None;None;None
111;Hong Kong EV Power;http://www.hkevpower.com/;None;None;contact@hkevpower.com;None
3384;Hrvatski Telekom;https://www.hrvatskitelekom.hr/;Primarily a telco, but operates some EV chargepoints;None;None;None
3356;Hubsta;http://www.hubsta.co.uk/en/home/;UK*HUB*;None;None;None
2247;Iberdrola;https://www.iberdrola.es/clientes/hogar/movilidad-verde/recarga;None;None;None;None
91;IBIL (Es);https://www.ibil.es;None;None;ibil@ibil.es;None
191;inChaNet;http://inchanet.cz/products_en.html#fast_charging_station;None;None;info@inchanet.cz;None
3343;Incharge;https://www.goincharge.com/;None;None;None;None
105;Innogy SE (RWE eMobility);https://www.rwe-mobility.com/;None;None;None;None
3296;InstaVolt Ltd;http://instavolt.co.uk/;Pay-as-you-go, charged per kWh, contactless bank card payment.;None;None;None
3299;Ionity;http://www.ionity.eu/;Pan-European High-power CCS charging network joint venture of BMW Group, Daimler AG, Ford Motor Company and the Volkswagen Group;None;None;None
213;Izivia (Sodetrel);https://www.izivia.com/le-reseau-izivia;Formerly known as Sodetrel;None;contact@sodetrel.fr;sav@sodetrel.fr
3288;Jersey Electricity Evolve;https://www.jec.co.uk/your-home/electric-vehicles/charging-your-ev/;Access via mechanical keyswitch, montly subscription fee.;None;None;None
3393;Joju Ltd;https://www.jojusolar.co.uk/;None;None;None;None
120;JuicePoint;http://www.juicepoint.co.nz/;None;None;info@juicepoint.co.nz;None
3354;K Lataus;https://k-lataus.fi;None;None;None;None
3285;Kelag AG;https://www.kelag.at/privat/kelag-autostrom-111.htm;None;None;None;None
62;KiWhi Pass;http://www.kiwhipass.fr/;None;None;contact@kiwhipass.fr;assistance@kiwhipass.fr
3411;La Borne;https://www.e-leclerc.com/catalogue/services/la-borne-electrique;None;None;None;None
106;Ladefoxx;https://ladefoxx.de/;None;None;info@ladefoxx.de;None
69;ladenetz.de;http://ladenetz.de;None;None;None;info@smartlab-gmbh.de
3387;Last Mile Solutions;https://www.lastmilesolutions.com/;None;None;None;None
182;Latvenergo;http://www.latvenergo.lv/eng/tenders_and_offers/charging_points_for_electric_vehicles_/;None;None;info@latvenergo.lv;None
3286;Lenenergo;http://lenenergo.ru/ev/;Utility in St. Petersburg, Russia;None;None;None
3348;Level2.ee;http://www.level2.ee/;None;None;None;None
38;Lidl;None;Belgian charging network;None;None;None
206;LIVE Barcelona;http://w41.bcn.cat/;None;None;None;None
128;LSW Energie;http://www.elektrofahrzeuge.lsw.de/;None;None;mobilitaet@lsw.de;None
41;MAGNE Charge;None;Obsolete inductive paddle charging standard;None;None;None
165;Mainova;https://www.mainova.de/privatkunden/mobilitaet/stromtankstellen.html;None;None;Efahrzeug-Foerderung@mainova.de;None
135;Manx Electricity Authority;http://www.manxelectricity.com;None;None;mea@gov.im;None
3283;MELIB (ES);http://www.caib.es/sites/energiaicanviclimatic/ca/mobilitat_elactrica_a_les_illes_balears_melib/;None;None;None;None
3363;Midgard Electric;https://www.midgardelectric.com/;Bangalore;None;info.midgardelectric@gmail.com;None
112;MisterGreen, The Fast Charger Network;http://thefastchargernetwork.com/;None;None;contact@mistergreen.nl;None
92;MobecPoint (Es);http://www.mobecpoint.com;None;None;info@mobecpoint.com;None
79;Mobib (Belgium);http://www.mobib.be/index.htm;None;None;None;None
21;Mobie.pt;http://www.mobie.pt;None;None;None;None
3407;MObiVE;https://www.mobive.fr/;None;None;None;None
3378;MOL;https://molplugee.si/en;None;None;None;None
3355;Motolataus;https://www.motonet.fi/fi/sivut/motolataus/;None;None;None;None
3274;MOVE (CH);https://www.move.ch;None;None;None;None
201;München Umland;https://www.bayernwerk.de/cps/rde/xchg/bayernwerk/hs.xsl/278.htm;None;None;BAG-e-mobility@bayernwerk.de;None
3289;MVM Partner Zrt.;https://www.mvmpartner.hu/;None;None;mvmp@mvmp.hu;None
3365;NBP eCharge Network;https://echargenetwork.com/;None;None;None;None
164;Neogy;https://www.neogy.it/;None;None;info@neogy.it;None
234;N-ERGIE;https://www.n-ergie.de/header/die-n-ergie/aktiv-fuer-die-umwelt/elektromobilitaet.html;None;None;elektromobilitaet@n-ergie.de;None
167;Nissan DE Freistrom;http://www.nissan.de/DE/de/vehicle/electric-vehicles/leaf/charging-and-battery/freistrom-info.html;None;None;None;None
7;Nissan UK Dealer Network;http://www.nissan.co.uk;Network of franchised Nissan Dealers;None;None;None
6;Nissan US Dealer Network;None;None;None;None;None
3307;NKM mobiliti;http://www.mobiliti.hu/;None;None;None;None
196;Nomadpower;http://www.nomadpower.eu;None;None;info@nomadpower.eu;None
3346;Noodoe EV;http://www.noodoe.com/ev;None;None;None;None
3252;NRG EVgo;https://www.nrgevgo.com/;None;None;None;None
3388;NRMA;https://www.mynrma.com.au/cars-and-driving/electric-vehicles;National Roads and Motorists' Association, Australia;None;None;None
177;Nuon;http://www.nuon.com/;None;None;None;None
107;OpConnect;https://www.opconnect.com/;None;None;nisaacs@opconnect.com;support@opconnect.com
3395;Optimum Way;https://optimumway.hu/;None;None;info@optimumway.hu;info@optimumway.hu
1236;ORES;http://www.ores.net/;None;None;None;None
102;Orka Náttúrunnar;http://www.on.is/;None;None;on@on.is;None
3396;Orlencharge;https://orlencharge.orlen.pl/;None;None;None;None
203;Osprey Charging;https://ospreycharging.co.uk/ev-drivers/;formerly known as Engenie;None;info@engenie.co.uk;None
124;Osterholzer Stadtwerke;https://www.osterholzer-stadtwerke.de/service/fahren-mit-strom-erdgas/strom/;None;None;None;None
188;OVAG Energie;http://www.ovag-energie.de/oe/ovag-energie.nsf/c/Umwelt,E-Mobilit%C3%A4t;None;None;service@ovag-energie.de;None
97;Park & Charge (CH);http://www.park-charge.ch/;None;None;park-charge@gmx.net;None
98;Park & Charge (D);http://www.park-charge.de/;None;None;info@park-charge.de;None
3322;Parking Energy;https://www.parkkisahko.fi/;None;None;None;None
3409;pass pass électrique;https://passpasselectrique.fr;None;None;None;None
3375;Petro Canada;https://www.petro-canada.ca/en/personal/fuel/ev-fast-charge-network;None;None;None;None
13;PETROL;http://www.petrol.eu/road/car/electrical-mobility-petrol;PETROL is a fuel supplier and runs charge points in Slovenia, part of the CENTRAL EUROPEAN GREEN CORRIDORS (CEGC) PROJECT;None;None;None
1240;Pfalzwerke;http://www.pfalzwerke.de/;None;None;info@pfalzwerke.de;None
3397;PGE Nowa Energia;https://pgene.pl/;None;None;None;None
3280;Plug n Roll;https://plugnroll.com/elektroautofahrer/netzwerk/;None;None;None;None
71;Plugged In Midlands (UK);http://www.pluggedinmidlands.co.uk;None;None;enquiries@pluggedinmidlands.co.uk;enquiries@pluggedinmidlands.co.uk
119;Plug-In North Central Washington;http://www.pluginncw.com/;None;None;plugincenter@gmail.com;None
3353;Plugit;https://www.plugitcloud.com;None;None;None;None
3266;PlugSurfing;https://www.plugsurfing.com/;None;None;support@plugsurfing.com;None
3;POD Point (UK);http://www.pod-point.com/;Part of Groupe EDF;None;enquiries@pod-point.com;enquiries@pod-point.com
32;POLAR (UK);http://www.polarnetwork.com/;Owned by Chargemaster in the UK. Monthly post-billed membership fee gets an RFID card and charged per kWh Most points available on pre-pay via app at different per-hour tariffs. Some are also available pay-as-you-go /kWh with contactless bank card payment.;None;polarenquiries@chargemasterplc.com;polarenquiries@chargemasterplc.com
1239;Polyfazer;http://polyfazer.cz/;None;None;info@polyfazer.cz;None
114;Power Station;http://power-station.be/power-card-laadpas/;None;None;info@power-station.be;None
190;PRE (cz);https://www.pre.cz/cs/profil-spolecnosti/dalsi-aktivity-pre/premobilita/;None;None;None;None
200;PRIOE;http://www.prioenergy.com/produtos-e-servicos/mobilidade-electrica/;Prio.E Mobility Solutions;None;None;None
3358;Putevi Srbije / ЈП Путеви Србије / Roads of Serbia;http://www.putevi-srbije.rs/;None;None;None;None
3317;Queensland Electric Super Highway;https://www.qld.gov.au/transport/projects/electricvehicles/map;None;None;None;None
194;RAC Electric Highway/ChargeStar;http://chargestar.com.au/rac-electric-highway/;None;None;info@chargestar.com.au;info@chargestar.com.au
133;Rauman Energia;http://www.raumanenergia.fi/yritys/fi_FI/sahkoautoilu/;None;None;None;None
217;RCS (Revitalize Charging Solutions);https://revitalizechargingsolutions.com/;None;None;info@revitalizechargingsolutions.com;None
198;Recharge (Formerly Fortum Charge & Drive);http://www.rechargeinfra.com/;None;None;rami.syvari@fortum.com;None
12;RechargeAccess;http://www.recharge-power.com/;Imported by ADFC import;None;None;None
3335;RedePiloto;None;None;None;None;None
3275;Renault;http://www.renault.fr/;None;None;None;None
3330;Repower (Italy);https://www.repower.com/it/la-mobilita-elettrica/;None;None;None;None
3257;Révéo (FR);https://www.reveocharge.com/;Sud de la France;None;None;None
3293;Revolta Egypt;https://www.revoltaegypt.com/;None;None;info@revoltaegypt.com;None
3265;REWAG;https://www.rewag.de/privatkunden/strom/rewariostrommobil.html;None;None;info@rewag.de;None
72;RheinEnergie AG;http://www.rheinenergie.com/TankEn-Registrierung;None;None;energieberatung@rheinenergie.com;None
2242;RhönEnergie;https://re-fd.de/;None;None;info@re-fd.de;None
3250;RPSnet;http://rpsnet.cz;None;None;None;None
104;RWE / Npower;http://www.npower.com/;None;None;None;None
48;RWE Mobility/Essent;http://www.essent.nl;Essent is part of the RWE group;None;None;None
3376;SAEV;https://sa-ev.com;India;None;sa@sa-ev.com;sa@sa-ev.com
113;Sähköinenliikenne (fi);http://www.sahkoinenliikenne.fi/;None;None;info@sahkoinenliikenne.fi;None
139;Schleswiger Stadtwerke;https://www.schleswiger-stadtwerke.de/content/unternehmen/emobilitaet/;None;None;matthias.beier@schleswiger-stadtwerke.de;None
223;Schnell Laden Berlin;http://www.schnell-laden-berlin.de;None;None;wirkuemmernuns@schnell-laden-berlin.de;None
2245;Schwabencard;https://www.swu.de/privatkunden/energie-wasser/elektromobilitaet/kunde-werden.html;None;None;info@swu.de;None
3262;SDE76 (FR);http://www.sde76.fr/;Can be Accessed via Sodetrel pass;None;None;None
3380;SDEG 16 (Syndicat Départemental d'Electricité et de Gaz de la Charente);https://sdeg16.fr/nos-competences/les-bornes-vehicules-electriques/;None;None;None;None
33;SDEY (Fr);http://sdey.fr/nos-missions/mobilite-electrique/;Syndicat Départemental d'Énergies de l'Yonne;None;None;None
39;SemaCharge Network;http://www.semacharge.com;None;None;None;None
3347;Seom;https://www.seom.se/;None;None;None;None
3367;Sharz.Net;https://www.sharz.net/;None;None;None;None
3392;Shell UK Oil Products Limited;https://www.shell.co.uk/motorist/welcome-to-shell-recharge.html;Shell Recharge;None;None;None
14;Shorepower;http://www.shorepower.com/;Imported by ADFC import;None;None;None
3308;SIEL;None;None;None;None;None
81;Silfi (Italy);http://www.silfi.it/IT/index.php?id=63&label=Mappa%20colonnine%20ricarica%20veicoli%20elettrici%22;None;None;None;None
2246;Slovenské elektrárne;https://sepredaj.seas.sk/elektricka-mobilita;None;None;info@sepredaj.sk;None
3253;SMATRICS Netz;https://smatrics.com/ladenetz#;SMATRICS runs charge points in Austria and Germany, part of the CENTRAL EUROPEAN GREEN CORRIDORS (CEGC) PROJECT;None;info@smatrics.com;None
3255;SODO;https://en.sodo.si/fast-charging-stations/list-of-active-fast-charging-stations-on-slovenian-highways;None;None;None;None
211;sofos;http://www.sofos.es/productos-y-servicios/estaciones-de-recarga/;None;None;None;None
60;Source East (UK);http://www.sourceeast.net/;Defunct network.;None;sourceeast@sourceeast.net;sourceeast@sourceeast.net
25;Source London;http://www.sourcelondon.net/;Monthly post-payment membership system, with per-minute billing and optional lower tariffs in return for monthly subscription payment.;https://www.sourcelondon.net/membership;membership@sourcelondon.net;membership@sourcelondon.net
228;Spark EV (lk);http://sparkev.lk/smart-plug-in-membership/;None;None;info@sparkev.lk;None
3329;SpotLink – e.motion;https://www.emotion-team.com/;None;None;None;None
152;Städtische Werke Magdeburg;http://www.sw-magdeburg.de/;None;None;info@sw-magdeburg.de;None
162;Stadtwerke Clausthal-Zellerfeld;http://www.stadtwerke-clausthal.de/;None;None;info@stadtwerke-clausthal.de;None
158;Stadtwerke Dessau;https://www.dvv-dessau.de/;None;None;None;None
235;Stadtwerke Düsseldorf AG;https://www.swd-ag.de;None;None;elektromobilitaet@swd-ag.de;elektromobilitaet@swd-ag.de
170;Stadtwerke Elmshorn;http://www.stadtwerke-elmshorn.de/cms/Dienstleistungen/E-Mobilitaet/Stadtwerke-investieren-in-E-Mobilitaet-.html;None;None;info@stadtwerke-elmshorn.de;service.technik@stadtwerke-elmshorn.de
132;Stadtwerke Göttingen;http://www.swgoe.de/;None;None;None;None
151;Stadtwerke Grevesmühlen;http://www.stadtwerke-gvm.de/;None;None;info@stadtwerke-gvm.de;None
148;Stadtwerke Haldensleben  SWH;http://www.swhdl.de/strom/e_mobility/;None;None;None;None
161;Stadtwerke Halle;http://www.evh.de/EVH/Privatkunden/Natuerlich-EVH/Mit-Strom-fahren/;None;None;kontakt@evh.de;None
146;Stadtwerke Hameln;https://www.stadtwerke-hameln.de/service/beratung.html;None;None;None;None
155;Stadtwerke Leipzig SWL;http://www.swl.de/web/swl/DE/Unternehmen/Elektromobilitaet/Elektromobilitaet.htm;None;None;elektromobilitaet@swl.de;None
123;Stadtwerke Lübeck;http://www.swhl.de/e-mobilitaet/;None;None;None;None
225;Stadtwerke Münster;https://www.stadtwerke-muenster.de/privatkunden/strom/alle-stromprodukte/e-mobilitaet/uebersicht.html;None;None;None;None
147;Stadtwerke Neumünster (SWN).;http://www.stadtwerke-neumuenster.de/wDeutsch/privatkunden/unser-einsatz-fuer-die-umwelt/e-mobilitaet.php?navid=172;None;None;swn@swn.net;None
131;Stadtwerke Northeim  SWN;http://www.stadtwerke-northeim.de/site/de/580/stromtankstelle.html;None;None;info@stadtwerke-northeim.de;None
143;Stadtwerke Rinteln;http://www.stadtwerke-rinteln.de/;None;None;info@stadtwerke-rinteln.de;None
154;Stadtwerke Rostock;http://www.swrag.de/;None;None;kundenzentrum@swrag.de;None
149;Stadtwerke Soest;http://www.stadtwerke-soest.de/index.php?id=280;None;None;info@stadtwerke-soest.de;None
153;Stadtwerke Strahlsund;http://www.stadtwerke-stralsund.de/energie/elektrofahrzeuge/elektrofahrzeuge/foerderung.php;None;None;service@stadtwerke-stralsund.de;None
169;Stadtwerke Uetersen;http://www.stadtwerke-uetersen.de/?page_id=1722;None;None;service@stadtwerke-uetersen.de;None
134;Stadtwerke Verden;http://www.stadtwerke-verden.de/privatkunden/energiedienstleistungen/elektromobilitaet.html;None;None;None;None
130;Stadtwerke Wernigerode;http://www.stadtwerke-wernigerode.de/published_page.aspx?id=132;None;None;stefan.streichert@stadtwerke-wernigerode.de;None
159;Stadtwerke Wittenberg;http://stadtwerke.wittenberg.de/;None;None;slw@stadtwerke.wittenberg.de;None
166;Stadtwerke Wolfenbüttel;http://www.stadtwerke-wf.de/;None;None;service@stadtwerke-wf.de;None
3290;State Grid Corporation of China (SGCC);http://www.sgcc.com.cn/;None;None;None;None
220;Stromnetz Hamburg;http://www.stromnetz.hamburg/ueber-uns/innovationen/e-mobility/;None;None;info@stromnetz-hamburg.de;None
160;StromTicket;http://stromticket.de/;None;None;None;None
3269;Stromtreter;http://www.stromtreter.de/;None;None;None;None
3270;Stromtreter;http://www.stromtreter.de/;None;None;None;None
51;Sun Country Highway;http://suncountryhighway.ca/;None;None;None;None
138;SUN Stadtwerke Union Nordhessen;http://www.sun-stadtwerke.de/energien-der-zukunft/e-mobilitaet/ladekarte.html;None;None;sun@sun-stadtwerke.de;None
3341;Swarco E.Connect;https://www.swarcoeconnect.org/;None;None;None;None
125;SWB / EWE;https://www.swb-gruppe.de/verantwortung/swb-und-umwelt/fahren-mit-strom.php;None;None;None;None
3273;Swisscharge (CH);https://swisscharge.ch/;None;None;info@swisscharge.ch;None
3277;Syane;http://www.syane.orios-infos.com/;Syndicat des énergies et de l'améngement numérique de la Haute-Savoie;None;None;None
3412;Sydego;https://www.sydego.fr/;None;None;None;None
3248;Tank & Rast;http://tank.rast.de/emobility/;None;None;kundenservice@tank.rast.de;None
142;TANKE Wien Energie;http://www.tanke-wienenergie.at/;None;None;None;None
23;Tesla Motors (Worldwide);http://www.teslamotors.com;None;None;None;None
150;The GeniePoint Network ( Engie EV Solutions );https://www.geniepoint.co.uk/;None;None;GenieSupport@chargepointservices.com;None
157;The New Motion (BE);http://www.thenewmotion.be/;None;None;info@thenewmotion.be;None
156;The New Motion (DE);http://www.thenewmotion.de/;None;None;info@thenewmotion.de;service@thenewmotion.de
47;The New Motion (NL);http://www.thenewmotion.com/;None;None;info@thenewmotion.com;klantenservice@thenewmotion.com
57;The REV Project (UWA - Australia);http://therevproject.com/;None;None;rev@therevproject.com;rev@therevproject.com
35;ThePluginCompany (Belgium);http://www.theplugincompany.com/en/;None;None;None;None
18;TIWAG Tiroler Wasserkraft AG (AT);https://www.tiwag.at/no_cache/privatkunden/energieeffizienz/mobilitaet/;None;None;None;None
3361;Toka Energy;https://toka.energy/;ЗАРЯДНЫЕ СТАНЦИИ ТОКА, Based in Ukraine;None;info@toka.energy;None
3366;Tonik Energy;https://www.tonikenergy.com/products/ev-charging/;Accepts Fortum Charge & Drive;None;ev@tonikenergy.com;None
175;TOTAL Be PlugToDrive;http://www.total.be/fr/carburants/carburant-station/plug-to-drive/finder-plugtodrive.html;None;None;None;None
174;TOTAL Nl PlugToDrive;http://www.total.nl/services-tankstations/plug-to-drive.html;None;None;None;None
3306;Trenčiansky samosprávny kraj;https://www.tsk.sk/;None;None;None;None
2244;ubitricity;https://www.ubitricity.com/;None;None;contact@ubitricity.com;None
64;Ultra-Fast;http://www.ultra-fast.nl/;None;None;None;None
3249;Umeå Energi;http://www.umeaenergi.se/;None;None;umea.energi@umeaenergi.se;None
3278;Urbener Energía;https://www.urbener.com/;None;None;urbener@urbener.com;None
3256;USEDA (FR);http://www.useda.fr/;None;None;None;None
65;UWAG;http://www.uewag.de/energie/stromtankstellen;None;None;None;None
108;Vattenfall InCharge;http://www.vattenfall.de/de/emobility/emobility.htm;None;None;emobility@vattenfall.de;None
233;Vector (NZ);https://vector.co.nz/evcharging;None;None;None;None
3340;Veolia;https://www.veolia.cz;None;None;None;None
144;Versorgungsbetriebe Hann. Münden;http://www.versorgungsbetriebe.de/hannmuendenGips/Gips?SessionMandant=HannMuenden&Anwendung=CMSWebpage&Methode=ShowHTMLAusgabe&RessourceID=12045;None;None;info@versorgungsbetriebe.de;None
231;Vibrate;http://www.emobility-vibrate.eu/;None;None;info@emobility-vibrate.eu;None
1237;Viesgo (Spain);https://www.viesgo.com/es/nuevas-tecnologias-e-innovacion/movilidad-electrica/puntos-de-recarga-publica;Formerly known as E.ON Energía;None;None;None
136;VIRTA;http://virta.fi/;None;None;None;None
61;Vitaemobility;http://vitaemobility.com/;None;None;info@vitaemobility.eu;None
99;Vlotte;http://www.vlotte.at/;None;None;elektromobil@vkw.at;None
50;Volta Charging;http://www.voltacharging.com;None;None;info@voltacharging.com;None
126;VR Schneller-Strom-tanken;http://www.schneller-strom-tanken.de/;None;None;None;None
193;VSE;http://www.zelenabuducnost.sk/;None;None;None;None
3373;Webasto;https://webasto-charging.com/;None;None;info@webasto-charging.com;None
28;WEL Networks (NZ);https://www.wel.co.nz/projects/electric-vehicles/;None;None;None;None
3371;Wenea;http://www.wenea.com/;None;None;None;None
195;Werraenergie;http://www.werraenergie.de/www/werraenergie/webinfo/webinfo.nsf/DocsID/E-Mobilitaet;None;None;None;None
34;Westar Energy ElectroGo;http://westarelectrogo.com/;None;None;None;None
183;Wirtschaftsbetriebe Stadt Nienburg;http://www.wirtschaftsbetriebe-nienburg.de/;None;None;wirtschaftsbetriebe@nienburg.de;None
3382;Wroom;https://wroom.org/;App based access;None;None;None
3344;YASNO E-mobility;https://yasno.com.ua;None;None;None;None
3300;YPF;None;Energy company based in Argentina;None;None;None
3328;ZapGrid;https://www.zapgrid.net/;None;None;None;None
176;ZEAG Energie;http://www.zeag-energie.de;None;None;None;None
54;ZE-MO (Be);http://www.ze-mo.be/;None;None;info@ze-mo.be;None
100;ZenCar;https://www.zencar.eu/;None;None;info@zencar.eu;None
19;Zero Carbon World;http://zerocarbonworld.org/;UK Charity promoting carbon reduction;None;info@zerocarbonworld.com;info@zerocarbonworld.com
3323;ZES;http://www.zes.net/;Zorlu Energy Solutions, Turkey;None;None;None
3259;ZSE (SK);https://www.zse.sk/sk/Uvod/E-mobilita/ZSE-Drive;Energy company in Slovakia;None;None;None
3350;ЕВН (EVN) (Macedonia);https://www.elektrodistribucija.mk/Electromobility/Charger-locations.aspx;None;None;None;None
3301;МОЭСК (Russia);https://www.moesk.ru/spec_projects/moesk_ev/;None;None;None;None
